{
    "tijuana": "America/Tijuana",
    "mexicali": "America/Tijuana",
    "ensenada": "America/Tijuana",
    "rosarito": "America/Tijuana",
    "la paz": "America/Mazatlan",
    "cabo san lucas": "America/Mazatlan",
    "san jose del cabo": "America/Mazatlan",
    "hermosillo": "America/Hermosillo",
    "puerto penasco": "America/Hermosillo",
    "nogales": "America/Hermosillo",
    "culiacan": "America/Mazatlan",
    "mazatlan": "America/Mazatlan",
    "los mochis": "America/Mazatlan",
    "cancun": "America/Cancun",
    "playa del carmen": "America/Cancun",
    "tulum": "America/Cancun",
    "chetumal": "America/Cancun",
    "cdmx": "America/Mexico_City",
    "ciudad de mexico": "America/Mexico_City",
    "guadalajara": "America/Mexico_City",
    "monterrey": "America/Mexico_City",
    "merida": "America/Merida"
}